0dd6c3	ABACUS
c2995f	ABALONE
8f9f70	ABANDON
ec6e1c	ABANDONED
20dbf0	ABANDONMENT
ef74f9	ABATE
4a77ed	ABBEY
317fe5	ABBREVIATION
de7e5c	ABDICATE
b05185	ABDOMEN
dd722c	ABDOMINAL
730324	ABERRANT
887212	ABERRATION
3cac19	ABET
a54ed4	ABHOR
9cbea7	ABIDE
8aad45	ABIDING
f880c2	ABILITY
1acf4e	ABJECT
5836a1	ABLAZE
f3b2f5	ABLE
c4fa2a	ABLY
3bd9bd	ABOLISH
e0cb82	ABOLITION
c1b41a	ABOMINABLE
d7ecb7	ABOMINATION
6cd24b	ABORIGINAL
1f35a1	ABORT
aa748d	ABORTION
5242b2	ABOUND
4870bf	ABOVE
f894e3	ABRASIVE
fc7ac3	ABREAST
0b19ea	ABROAD
fe9660	ABRUPT
6e058b	ABSENCE
2e513a	ABSENT
8bca25	ABSENTEE
b57743	ABSOLUTE
2eb750	ABSOLUTELY
66e4b3	ABSORB
e39afe	ABSORBING
fce7e6	ABSORPTION
47923c	ABSTAIN
b491c6	ABSTENTION
9cfec8	ABSTINENCE
7c16b1	ABSTRACT
a2fa70	ABSTRACT
c9766a	ABSTRACTION
205e2e	ABSURD
eecb6f	ABSURDITY
a7e032	ABUNDANCE
54bdae	ABUNDANT
3ce81e	ABUNDANTLY
5ddad9	ABUSE
b4fcb4	ABUSIVE
8b7e26	ABYSS
2aa399	ACADEMIC
fda1a6	ACCEDE
f64178	ACCELERATE
ac7941	ACCELERATION
40dee5	ACCELERATOR
c208d9	ACCENT
461090	ACCEPT
32e311	ACCEPTABLE
39bd6e	ACCEPTANCE
edf219	ACCESS
d358bd	ACCESSIBLE
3d76dd	ACCESSION
1d8c45	ACCESSORY
6aa2f8	ACCIDENT
0b2519	ACCIDENTAL
e40e1c	ACCLAIM
729786	ACCOLADE
b146dc	ACCOMMODATE
620e3f	ACCOMMODATING
03f2b5	ACCOMMODATION
947ded	ACCOMPANIMENT
8334c4	ACCOMPANY
4d9c64	ACCOMPLICE
ddfec8	ACCOMPLISH
0b9dc4	ACCOMPLISHMENT
607df1	ACCORD
6c7b36	ACCORDANCE
e8128a	ACCORDING AS
788a70	ACCORDING TO
04006b	ACCORDINGLY
eba412	ACCOUNT
882bb0	ACCOUNT
307186	ACCOUNTABLE
f5cdd0	ACCOUNTANT
5a72b5	ACCOUNTING
4b89db	ACCRUE
f65150	ACCUMULATE
944259	ACCUMULATION
3a51ca	ACCURACY
175a03	ACCURATE
e37b42	ACCUSATION
d880e8	ACCUSE
002f1b	ACCUSTOMED
ae733d	ACHE
b8362e	ACHE
eda353	ACHIEVE
a43ada	ACHIEVEMENT
c1bef4	ACID
7b8ad3	ACID
f1b551	ACKNOWLEDGE
fab822	ACKNOWLEDGMENT
8cf84a	ACNE
fc2864	ACORN
d65c90	ACOUSTIC
1fa521	ACQUAINT
c48173	ACQUAINTANCE
27c830	ACQUIRE
ddddbc	ACQUISITION
c8e39d	ACQUITTAL
b9d8a6	ACRE
123ae1	ACRONYM
832949	ACT
79f99d	ACT
086351	ACTING
ebe930	ACTING
88b077	ACTION
e3de17	ACTIVATE
a0815c	ACTIVE
1d9654	ACTIVELY
83f816	ACTOR
3d0121	ACTRESS
a98acf	ACTUAL
b0b5d4	ACTUALITY
2a2532	ACTUALLY
17b6c8	ACUMEN
39f5b1	ACUTE
63e068	ADAGE
8df903	ADAMANT
f4985d	ADAPT
537040	ADAPTABLE
a0b22b	ADAPTATION
7e0cf9	ADD
298151	ADDICT
426873	ADDICTION
9a5286	ADDICTIVE
797b6c	ADDITION
35b99d	ADDITIONAL
cebe3c	ADDITIVE
6f428b	ADDRESS
8b608e	ADDRESS
2bcf78	ADEPT
b6f1e1	ADEQUACY
970794	ADEQUATE
